"suhu","kelembaban","tanggal"
29.9,33,2022-11-04 06:19:20.750459
33.88,32,2022-11-04 06:19:21.763692
32.96,35,2022-11-04 06:19:22.769106
31.8,58,2022-11-04 06:19:23.772748
33.4,35,2022-11-04 06:19:24.775701
28.77,49,2022-11-04 06:19:25.780345
32.37,36,2022-11-04 06:19:26.787753
33.61,42,2022-11-04 06:19:27.790403
29.75,51,2022-11-04 06:19:28.797594
31.5,35,2022-11-04 06:19:29.802050
30.23,58,2022-11-04 06:19:30.808280
31.3,32,2022-11-04 06:19:31.814979
29.59,48,2022-11-04 06:19:32.817367
32.75,41,2022-11-04 06:19:33.824755
31.61,46,2022-11-04 06:19:34.828347
33.43,51,2022-11-04 06:19:35.835728
29.06,33,2022-11-04 06:19:36.838283
33.3,60,2022-11-04 06:19:37.842038
29.9,49,2022-11-04 06:19:38.844592
28.11,33,2022-11-04 06:19:39.846817
32.74,59,2022-11-04 06:19:40.849706
29.58,40,2022-11-04 06:19:41.856492
28.01,59,2022-11-04 06:19:42.859193
33.64,51,2022-11-04 06:19:43.863700
33.48,56,2022-11-04 06:19:44.866424
32.73,37,2022-11-04 06:19:45.872765
30.58,60,2022-11-04 06:19:46.878477
33.35,33,2022-11-04 06:19:47.882057
30.44,54,2022-11-04 06:19:48.889606
31.62,42,2022-11-04 06:19:49.892690
32.88,44,2022-11-04 06:19:50.895221
28.0,39,2022-11-04 06:19:51.899526
30.96,40,2022-11-04 06:19:52.905039
33.88,34,2022-11-04 06:19:53.911836
28.39,33,2022-11-04 06:19:54.919359
28.49,57,2022-11-04 06:19:55.923190
30.9,32,2022-11-04 06:19:56.930752
30.08,58,2022-11-04 06:19:57.935261
30.99,36,2022-11-04 06:19:58.938960
33.89,31,2022-11-04 06:19:59.942493
30.07,50,2022-11-10 08:24:50.985799
31.97,35,2022-11-10 08:24:52.004919
32.65,50,2022-11-10 08:24:53.010969
32.79,38,2022-11-10 08:24:54.014108
33.04,44,2022-11-10 08:24:55.019369
33.59,36,2022-11-10 08:24:56.027844
28.3,51,2022-11-10 08:24:57.033955
28.04,51,2022-11-10 08:24:58.037770
33.65,42,2022-11-10 08:24:59.042793
29.28,31,2022-11-10 08:25:00.057109
32.96,57,2022-11-10 08:25:01.062629
33.15,57,2022-11-10 08:25:02.065470
30.45,34,2022-11-10 08:25:03.070745
28.38,52,2022-11-10 08:25:04.077287
28.17,40,2022-11-10 08:25:05.080977
30.94,38,2022-11-10 08:25:06.083365
32.07,55,2022-11-10 08:25:07.085692
28.67,46,2022-11-10 08:25:08.090819
31.21,35,2022-11-10 08:25:09.094488
30.84,42,2022-11-10 08:25:10.100414
28.94,50,2022-11-10 08:25:11.103192
33.94,32,2022-11-10 08:25:12.107463
31.29,33,2022-11-10 08:25:13.111269
30.84,49,2022-11-10 08:25:14.115925
33.12,52,2022-11-10 08:25:15.121358
28.44,41,2022-11-10 08:25:16.125813
33.57,54,2022-11-10 08:25:17.130205
33.43,54,2022-11-10 08:25:18.137493
29.84,31,2022-11-10 08:25:19.143235
33.89,55,2022-11-10 08:25:20.149110
30.19,56,2022-11-10 08:25:21.151830
32.9,58,2022-11-10 08:25:22.154636
29.13,31,2022-11-10 08:25:23.160055
32.33,50,2022-11-10 08:25:24.166551
28.26,32,2022-11-10 08:25:25.169623
33.54,42,2022-11-10 08:25:26.173371
28.43,45,2022-11-10 08:25:27.178956
29.58,33,2022-11-10 08:25:28.184835
29.66,50,2022-11-10 08:25:29.188444
32.99,53,2022-11-10 08:25:30.191352
30.41,35,2022-11-10 08:39:10.509522

32.24,49,2022-11-10 08:39:11.514449

31.74,56,2022-11-10 08:39:12.521699

31.89,53,2022-11-10 08:39:13.524327

32.1,48,2022-11-10 08:39:14.530150

30.62,55,2022-11-10 08:39:15.538195

32.92,31,2022-11-10 08:39:16.540253

30.77,30,2022-11-10 08:39:17.543140

33.69,30,2022-11-10 08:39:18.545971

28.45,36,2022-11-10 08:39:19.553668

31.15,47,2022-11-10 08:39:20.558175

32.53,59,2022-11-10 08:39:21.563008

28.44,52,2022-11-10 08:39:22.571865

33.27,48,2022-11-10 08:39:23.579134

30.25,52,2022-11-10 08:39:24.585855

33.57,53,2022-11-10 08:39:25.591990

33.77,37,2022-11-10 08:39:26.596115

30.23,43,2022-11-10 08:39:27.601156

31.27,44,2022-11-10 08:39:28.603864

32.57,45,2022-11-10 08:39:29.606968

31.24,42,2022-11-10 08:39:30.613864

30.09,55,2022-11-10 08:39:31.621662

28.9,43,2022-11-10 08:39:32.628563

31.58,45,2022-11-10 08:39:33.632853

29.65,57,2022-11-10 08:39:34.636254

28.94,46,2022-11-10 08:39:35.638348

31.86,53,2022-11-10 08:39:36.645041

31.16,36,2022-11-10 08:39:37.653264

28.48,30,2022-11-10 08:39:38.658606

33.06,43,2022-11-10 08:39:39.660894

30.42,57,2022-11-10 08:39:40.667475

32.21,54,2022-11-10 08:39:41.675240

28.18,60,2022-11-10 08:39:42.683003

29.37,59,2022-11-10 08:39:43.687048

30.18,52,2022-11-10 08:39:44.693780

32.61,41,2022-11-10 08:39:45.699240

32.68,32,2022-11-10 08:39:46.707017

30.23,37,2022-11-10 08:39:47.710177

31.04,54,2022-11-10 08:39:48.716238

33.86,37,2022-11-10 08:39:49.723726

